Issue Type,Issue key,Issue id,Summary,Assignee,Assignee Id,Sprint,Custom field (Story Points),Custom field (Story point estimate),Time Spent,Status,Due date,Parent,Parent key,Parent summary
Task,TTCN-858,14039,[SYSTEM] Xử lý setup tài khoản,Hoan Do,557058:a1dee0f2-9a8e-4cfd-ab59-1db1065fda26,Control Tower - MVP,5.0,2.0,72000,Ready for Test,28/Apr/26 12:00 AM,13096,TTCN-333,Control Tower - MVP
Task,TTCN-857,14038,[BE] Xử lý đồng bộ thông tin XC - CT,Hoan Do,557058:a1dee0f2-9a8e-4cfd-ab59-1db1065fda26,Control Tower - MVP,8.0,4.0,57600,Ready for Test,29/Apr/26 12:00 AM,13096,TTCN-333,Control Tower - MVP
Task,TTCN-830,13979,[BE] Báo cáo dữ liệu mã dịch vụ theo doanh thu,Hoan Do,557058:a1dee0f2-9a8e-4cfd-ab59-1db1065fda26,Vận hành XC T3/2026,2.0,,1800,Done,08/Apr/26 12:00 AM,,,
Task,TTCN-734,13871,[BE] Thay đổi mã dịch vụ khi đẩy thông tin sang bravo cho dịch vụ ở Ga Đồng Đăng,Hoan Do,557058:a1dee0f2-9a8e-4cfd-ab59-1db1065fda26,Vận hành XC T3/2026,1.0,1.0,900,Done,02/Apr/26 12:00 AM,,,
Task,TTCN-733,13870,[STH] Cập nhật báo cáo Tài chính MH & Tài chính PC và bổ sung nhà cung cấp mới cho PM Xuất nhập khẩu,Hoan Do,557058:a1dee0f2-9a8e-4cfd-ab59-1db1065fda26,Vận hành STH & TDI - 04/2026,2.0,2.0,,In Progress,16/Apr/26 12:00 AM,,,
Task,TTCN-731,13868,"[BE] Logic ""phân vị trí sang tải"" cho app điều phối",Hoan Do,557058:a1dee0f2-9a8e-4cfd-ab59-1db1065fda26,Control Tower - MVP,3.0,3.0,10800,Ready for Test,27/Apr/26 12:00 AM,13096,TTCN-333,Control Tower - MVP
Task,TTCN-723,13860,"[BE] Bổ sung bộ lọc ""mức ưu tiên"" cho app tổ đội & điều phối",Hoan Do,557058:a1dee0f2-9a8e-4cfd-ab59-1db1065fda26,Control Tower - MVP,2.0,,10800,Ready for Test,27/Apr/26 12:00 AM,13096,TTCN-333,Control Tower - MVP
Task,TTCN-722,13859,[BE] Bổ sung trường thể hiện luồng nhanh cho danh sách & chi tiết dịch vụ app tổ đội & điều phối,Hoan Do,557058:a1dee0f2-9a8e-4cfd-ab59-1db1065fda26,Control Tower - MVP,2.0,,10800,Ready for Test,27/Apr/26 12:00 AM,13096,TTCN-333,Control Tower - MVP
Task,TTCN-719,13856,[BE] Web app điều hành - Các Api cho màn cảnh báo vận hành & bộ lọc,Hoan Do,557058:a1dee0f2-9a8e-4cfd-ab59-1db1065fda26,Control Tower - MVP,5.0,,43200,Ready for Test,28/Apr/26 12:00 AM,13096,TTCN-333,Control Tower - MVP
Task,TTCN-718,13855,[BE] Web app điều hành - Các Api báo cáo bến bãi,Hoan Do,557058:a1dee0f2-9a8e-4cfd-ab59-1db1065fda26,Control Tower - MVP,5.0,,43200,Ready for Test,28/Apr/26 12:00 AM,13096,TTCN-333,Control Tower - MVP
Task,TTCN-717,13854,[BE] Web app điều hành - Api phân khu cho xe,Hoan Do,557058:a1dee0f2-9a8e-4cfd-ab59-1db1065fda26,Control Tower - MVP,5.0,,43200,Ready for Test,28/Apr/26 12:00 AM,13096,TTCN-333,Control Tower - MVP
Task,TTCN-716,13853,[BE] Web app điều hành - Api chi tiết hành trình xe,Hoan Do,557058:a1dee0f2-9a8e-4cfd-ab59-1db1065fda26,Control Tower - MVP,3.0,,21600,Ready for Test,27/Apr/26 12:00 AM,13096,TTCN-333,Control Tower - MVP
Task,TTCN-715,13852,[BE] Web app Điều hành - Api cho danh sách hành trình & bộ lọc,Hoan Do,557058:a1dee0f2-9a8e-4cfd-ab59-1db1065fda26,Control Tower - MVP,3.0,,21600,Ready for Test,27/Apr/26 12:00 AM,13096,TTCN-333,Control Tower - MVP
Task,TTCN-714,13851,[BE] Web app Điều hành - Các api màn tổng quan,Hoan Do,557058:a1dee0f2-9a8e-4cfd-ab59-1db1065fda26,Control Tower - MVP,5.0,,43200,Ready for Test,28/Apr/26 12:00 AM,13096,TTCN-333,Control Tower - MVP
Task,TTCN-705,13842,[BE] Web app Tài xế - Api trả ra thông tin cho link tài xế,Hoan Do,557058:a1dee0f2-9a8e-4cfd-ab59-1db1065fda26,Control Tower - MVP,3.0,1.0,21600,Ready for Test,27/Apr/26 12:00 AM,13096,TTCN-333,Control Tower - MVP
Task,TTCN-633,13723,[BE] App Ops hiện trường - Đăng ký tài khoản,Hoan Do,557058:a1dee0f2-9a8e-4cfd-ab59-1db1065fda26,Control Tower - MVP,3.0,3.0,14400,Ready for Test,27/Apr/26 12:00 AM,13096,TTCN-333,Control Tower - MVP
Task,TTCN-631,13721,[BE] App Ops hiện trường - Quản lý thông báo,Hoan Do,557058:a1dee0f2-9a8e-4cfd-ab59-1db1065fda26,Control Tower - MVP,5.0,,43200,Ready for Test,28/Apr/26 12:00 AM,13096,TTCN-333,Control Tower - MVP
Task,TTCN-630,13720,[BE] App Ops hiện trường - Thông tin cá nhân,Hoan Do,557058:a1dee0f2-9a8e-4cfd-ab59-1db1065fda26,Control Tower - MVP,2.0,,10800,Ready for Test,27/Apr/26 12:00 AM,13096,TTCN-333,Control Tower - MVP
Task,TTCN-629,13719,[BE] App Ops hiện trường - Giám sát sang tải,Hoan Do,557058:a1dee0f2-9a8e-4cfd-ab59-1db1065fda26,Control Tower - MVP,5.0,,43200,Ready for Test,28/Apr/26 12:00 AM,13096,TTCN-333,Control Tower - MVP
Task,TTCN-628,13718,[BE] App Ops hiện trường - Xác nhận xe vào vị trí,Hoan Do,557058:a1dee0f2-9a8e-4cfd-ab59-1db1065fda26,Control Tower - MVP,3.0,,21600,Ready for Test,27/Apr/26 12:00 AM,13096,TTCN-333,Control Tower - MVP
Task,TTCN-627,13717,[BE] App Ops hiện trường - Chi tiết dịch vụ,Hoan Do,557058:a1dee0f2-9a8e-4cfd-ab59-1db1065fda26,Control Tower - MVP,3.0,,21600,Ready for Test,27/Apr/26 12:00 AM,13096,TTCN-333,Control Tower - MVP
Task,TTCN-626,13716,[BE] App Ops hiện trường - Lọc dịch vụ,Hoan Do,557058:a1dee0f2-9a8e-4cfd-ab59-1db1065fda26,Control Tower - MVP,3.0,,21600,Ready for Test,27/Apr/26 12:00 AM,13096,TTCN-333,Control Tower - MVP
Task,TTCN-625,13715,[BE] App Ops hiện trường - Danh sách dịch vụ,Hoan Do,557058:a1dee0f2-9a8e-4cfd-ab59-1db1065fda26,Control Tower - MVP,2.0,,10800,Ready for Test,27/Apr/26 12:00 AM,13096,TTCN-333,Control Tower - MVP
Task,TTCN-624,13714,[BE] App Ops hiện trường - Cập nhật hành trình,Hoan Do,557058:a1dee0f2-9a8e-4cfd-ab59-1db1065fda26,Control Tower - MVP,3.0,,21600,Ready for Test,27/Apr/26 12:00 AM,13096,TTCN-333,Control Tower - MVP
Task,TTCN-623,13713,[BE] App Ops hiện trường - Chi tiết xe,Hoan Do,557058:a1dee0f2-9a8e-4cfd-ab59-1db1065fda26,Control Tower - MVP,3.0,,21600,Ready for Test,27/Apr/26 12:00 AM,13096,TTCN-333,Control Tower - MVP
Task,TTCN-622,13712,[BE] App Ops hiện trường - Cập nhật mốc xe,Hoan Do,557058:a1dee0f2-9a8e-4cfd-ab59-1db1065fda26,Control Tower - MVP,3.0,2.0,21600,Ready for Test,27/Apr/26 12:00 AM,13096,TTCN-333,Control Tower - MVP
Task,TTCN-621,13711,[BE] App Ops hiện trường - Danh sách hành trình xe,Hoan Do,557058:a1dee0f2-9a8e-4cfd-ab59-1db1065fda26,Control Tower - MVP,3.0,2.0,14400,Ready for Test,27/Apr/26 12:00 AM,13096,TTCN-333,Control Tower - MVP
Task,TTCN-620,13710,[BE] App Ops hiện trường - Đăng nhập / Đăng xuất,Hoan Do,557058:a1dee0f2-9a8e-4cfd-ab59-1db1065fda26,Control Tower - MVP,5.0,1.0,5400,Ready for Test,28/Apr/26 12:00 AM,13096,TTCN-333,Control Tower - MVP
Task,TTCN-603,13693,[BE] App điều phối an ninh - Api thông tin cá nhân,Hoan Do,557058:a1dee0f2-9a8e-4cfd-ab59-1db1065fda26,Control Tower - MVP,3.0,,21600,Ready for Test,27/Apr/26 12:00 AM,13096,TTCN-333,Control Tower - MVP
Task,TTCN-602,13692,[BE] App điều phối an ninh - Danh sách cảnh báo & xử lý,Hoan Do,557058:a1dee0f2-9a8e-4cfd-ab59-1db1065fda26,Control Tower - MVP,5.0,,43200,Ready for Test,28/Apr/26 12:00 AM,13096,TTCN-333,Control Tower - MVP
Task,TTCN-601,13691,[BE] App điều phối an ninh - Cập nhật hành trình xe,Hoan Do,557058:a1dee0f2-9a8e-4cfd-ab59-1db1065fda26,Control Tower - MVP,5.0,,43200,Ready for Test,28/Apr/26 12:00 AM,13096,TTCN-333,Control Tower - MVP
Task,TTCN-600,13690,[BE] App điều phối an ninh - Chi tiết hành trình xe,Hoan Do,557058:a1dee0f2-9a8e-4cfd-ab59-1db1065fda26,Control Tower - MVP,3.0,,21600,Ready for Test,27/Apr/26 12:00 AM,13096,TTCN-333,Control Tower - MVP
Task,TTCN-599,13689,[BE] App điều phối an ninh - Danh sách hành trình xe & lọc,Hoan Do,557058:a1dee0f2-9a8e-4cfd-ab59-1db1065fda26,Control Tower - MVP,3.0,,21600,Ready for Test,27/Apr/26 12:00 AM,13096,TTCN-333,Control Tower - MVP
Task,TTCN-598,13688,[BE] App điều phối an ninh - Đăng nhập/đăng xuất,Hoan Do,557058:a1dee0f2-9a8e-4cfd-ab59-1db1065fda26,Control Tower - MVP,3.0,,21600,Ready for Test,27/Apr/26 12:00 AM,13096,TTCN-333,Control Tower - MVP
Task,TTCN-579,13668,[BE] Web app CSXC - Từ chối yêu cầu chỉnh sửa,Hoan Do,557058:a1dee0f2-9a8e-4cfd-ab59-1db1065fda26,Control Tower - MVP,3.0,,21600,Ready for Test,27/Apr/26 12:00 AM,13096,TTCN-333,Control Tower - MVP
Task,TTCN-578,13667,[BE] Web app CSXC - Tiếp nhận yêu cầu chỉnh sửa,Hoan Do,557058:a1dee0f2-9a8e-4cfd-ab59-1db1065fda26,Control Tower - MVP,5.0,,43200,Ready for Test,28/Apr/26 12:00 AM,13096,TTCN-333,Control Tower - MVP
Task,TTCN-577,13666,[BE] Web app CSXC - Chi tiết yêu cầu chỉnh sửa,Hoan Do,557058:a1dee0f2-9a8e-4cfd-ab59-1db1065fda26,Control Tower - MVP,3.0,,21600,Ready for Test,27/Apr/26 12:00 AM,13096,TTCN-333,Control Tower - MVP
Task,TTCN-576,13665,[BE] Web app CSXC - Bộ lọc danh sách yêu cầu chỉnh sửa,Hoan Do,557058:a1dee0f2-9a8e-4cfd-ab59-1db1065fda26,Control Tower - MVP,3.0,,21600,Ready for Test,27/Apr/26 12:00 AM,13096,TTCN-333,Control Tower - MVP
Task,TTCN-575,13664,[BE] Web app CSXC - Danh sách yêu cầu chỉnh sửa,Hoan Do,557058:a1dee0f2-9a8e-4cfd-ab59-1db1065fda26,Control Tower - MVP,3.0,,21600,Ready for Test,27/Apr/26 12:00 AM,13096,TTCN-333,Control Tower - MVP
Task,TTCN-574,13663,[BE] Web app CSKH - Tạo yêu cầu chỉnh sửa,Hoan Do,557058:a1dee0f2-9a8e-4cfd-ab59-1db1065fda26,Control Tower - MVP,5.0,2.0,10800,Ready for Test,28/Apr/26 12:00 AM,13096,TTCN-333,Control Tower - MVP
Task,TTCN-567,13656,[BE] Web app CSXC - Tạo dịch vụ lõi,Hoan Do,557058:a1dee0f2-9a8e-4cfd-ab59-1db1065fda26,Control Tower - MVP,5.0,3.0,43200,Ready for Test,28/Apr/26 12:00 AM,13096,TTCN-333,Control Tower - MVP
Task,TTCN-565,13654,[BE] Web app CSXC - Thông tin xe,Hoan Do,557058:a1dee0f2-9a8e-4cfd-ab59-1db1065fda26,Control Tower - MVP,5.0,,43200,Ready for Test,28/Apr/26 12:00 AM,13096,TTCN-333,Control Tower - MVP
Task,TTCN-564,13653,[BE] Web app CSXC - Điều kiện sang tải,Hoan Do,557058:a1dee0f2-9a8e-4cfd-ab59-1db1065fda26,Control Tower - MVP,2.0,,10800,Ready for Test,27/Apr/26 12:00 AM,13096,TTCN-333,Control Tower - MVP
Task,TTCN-563,13652,[BE] Web app CSXC - Lấy thông tin điều kiện sang tải,Hoan Do,557058:a1dee0f2-9a8e-4cfd-ab59-1db1065fda26,Control Tower - MVP,3.0,,21600,Ready for Test,27/Apr/26 12:00 AM,13096,TTCN-333,Control Tower - MVP
Task,TTCN-562,13651,[BE] Web app CSXC - Hành trình xe,Hoan Do,557058:a1dee0f2-9a8e-4cfd-ab59-1db1065fda26,Control Tower - MVP,5.0,,43200,Ready for Test,28/Apr/26 12:00 AM,13096,TTCN-333,Control Tower - MVP
Task,TTCN-561,13650,[BE] Web app CSXC - Chi tiết dịch vụ,Hoan Do,557058:a1dee0f2-9a8e-4cfd-ab59-1db1065fda26,Control Tower - MVP,3.0,,21600,Ready for Test,27/Apr/26 12:00 AM,13096,TTCN-333,Control Tower - MVP
Task,TTCN-560,13649,[BE] Web app CSXC - Lọc dịch vụ,Hoan Do,557058:a1dee0f2-9a8e-4cfd-ab59-1db1065fda26,Control Tower - MVP,3.0,1.0,21600,Ready for Test,27/Apr/26 12:00 AM,13096,TTCN-333,Control Tower - MVP
Task,TTCN-559,13648,[BE] Web app CSXC - Danh sách dịch vụ,Hoan Do,557058:a1dee0f2-9a8e-4cfd-ab59-1db1065fda26,Control Tower - MVP,3.0,1.0,21600,Ready for Test,27/Apr/26 12:00 AM,13096,TTCN-333,Control Tower - MVP
Task,TTCN-552,13641,[BE] Web app CSXC - Ghi log lịch sử,Hoan Do,557058:a1dee0f2-9a8e-4cfd-ab59-1db1065fda26,Control Tower - MVP,3.0,1.0,21600,Ready for Test,27/Apr/26 12:00 AM,13096,TTCN-333,Control Tower - MVP
Task,TTCN-551,13640,[BE] Web app CSXC - Cập nhật hành trình xe,Hoan Do,557058:a1dee0f2-9a8e-4cfd-ab59-1db1065fda26,Control Tower - MVP,3.0,1.0,21600,Ready for Test,27/Apr/26 12:00 AM,13096,TTCN-333,Control Tower - MVP
Task,TTCN-550,13639,[BE] Web app CSXC - Tiếp nhận kế hoạch,Hoan Do,557058:a1dee0f2-9a8e-4cfd-ab59-1db1065fda26,Control Tower - MVP,5.0,1.0,43200,Ready for Test,28/Apr/26 12:00 AM,13096,TTCN-333,Control Tower - MVP
Task,TTCN-549,13638,[BE] Web app CSXC - Chi tiết kế hoạch,Hoan Do,557058:a1dee0f2-9a8e-4cfd-ab59-1db1065fda26,Control Tower - MVP,3.0,1.0,21600,Ready for Test,27/Apr/26 12:00 AM,13096,TTCN-333,Control Tower - MVP
Task,TTCN-548,13637,[BE] Web app CSXC - Lọc kế hoạch,Hoan Do,557058:a1dee0f2-9a8e-4cfd-ab59-1db1065fda26,Control Tower - MVP,3.0,1.0,21600,Ready for Test,27/Apr/26 12:00 AM,13096,TTCN-333,Control Tower - MVP
Task,TTCN-547,13636,[BE] Web app CSXC - Danh sách kế hoạch,Hoan Do,557058:a1dee0f2-9a8e-4cfd-ab59-1db1065fda26,Control Tower - MVP,3.0,1.0,21600,Ready for Test,27/Apr/26 12:00 AM,13096,TTCN-333,Control Tower - MVP
Task,TTCN-538,13595,[BE] Web app CSKH - Quản ly thông tin xuất hoá đơn,Hoan Do,557058:a1dee0f2-9a8e-4cfd-ab59-1db1065fda26,Control Tower - MVP,3.0,2.0,21600,Ready for Test,27/Apr/26 12:00 AM,13096,TTCN-333,Control Tower - MVP
Task,TTCN-535,13592,[BE] Web app CSKH - Api cập nhật hành trình xe,Hoan Do,557058:a1dee0f2-9a8e-4cfd-ab59-1db1065fda26,Control Tower - MVP,3.0,1.0,21600,Ready for Test,27/Apr/26 12:00 AM,13096,TTCN-333,Control Tower - MVP
Task,TTCN-534,13591,[BE] Web app CSKH - Lọc hành trình xe,Hoan Do,557058:a1dee0f2-9a8e-4cfd-ab59-1db1065fda26,Control Tower - MVP,3.0,1.0,21600,Ready for Test,27/Apr/26 12:00 AM,13096,TTCN-333,Control Tower - MVP
Task,TTCN-533,13590,[BE] Web app CSKH - Api danh sách hành trình xe,Hoan Do,557058:a1dee0f2-9a8e-4cfd-ab59-1db1065fda26,Control Tower - MVP,2.0,1.0,10800,Ready for Test,27/Apr/26 12:00 AM,13096,TTCN-333,Control Tower - MVP
Task,TTCN-526,13583,[BE] Web app CSKH - Api huỷ dịch vụ,Hoan Do,557058:a1dee0f2-9a8e-4cfd-ab59-1db1065fda26,Control Tower - MVP,3.0,1.0,21600,Ready for Test,27/Apr/26 12:00 AM,13096,TTCN-333,Control Tower - MVP
Task,TTCN-525,13582,[BE] Web app CSKH - Api chỉnh sửa chi tiết dịch vụ,Hoan Do,557058:a1dee0f2-9a8e-4cfd-ab59-1db1065fda26,Control Tower - MVP,3.0,1.0,21600,Ready for Test,27/Apr/26 12:00 AM,13096,TTCN-333,Control Tower - MVP
Task,TTCN-523,13580,[BE] Web app CSKH - Api cập nhật thủ tục,Hoan Do,557058:a1dee0f2-9a8e-4cfd-ab59-1db1065fda26,Control Tower - MVP,3.0,1.0,21600,Ready for Test,27/Apr/26 12:00 AM,13096,TTCN-333,Control Tower - MVP
Task,TTCN-521,13578,[BE] Web app CSKH - Lọc dịch vụ,Hoan Do,557058:a1dee0f2-9a8e-4cfd-ab59-1db1065fda26,Control Tower - MVP,3.0,3.0,21600,Ready for Test,27/Apr/26 12:00 AM,13096,TTCN-333,Control Tower - MVP
Task,TTCN-520,13577,[BE] Web app CSKH - Api statistic dịch vụ,Hoan Do,557058:a1dee0f2-9a8e-4cfd-ab59-1db1065fda26,Control Tower - MVP,3.0,3.0,21600,Ready for Test,27/Apr/26 12:00 AM,13096,TTCN-333,Control Tower - MVP
Task,TTCN-519,13576,[BE] Web app CSKH - Api chi tiết dịch vụ,Hoan Do,557058:a1dee0f2-9a8e-4cfd-ab59-1db1065fda26,Control Tower - MVP,2.0,2.0,10800,Ready for Test,27/Apr/26 12:00 AM,13096,TTCN-333,Control Tower - MVP
Task,TTCN-518,13575,[BE] Web app CSKH - Api danh sách dịch vụ,Hoan Do,557058:a1dee0f2-9a8e-4cfd-ab59-1db1065fda26,Control Tower - MVP,2.0,2.0,10800,Ready for Test,27/Apr/26 12:00 AM,13096,TTCN-333,Control Tower - MVP
Task,TTCN-476,13501,[BE] Web app CSKH - Api cập nhật hành trình,Hoan Do,557058:a1dee0f2-9a8e-4cfd-ab59-1db1065fda26,Control Tower - MVP,5.0,5.0,43200,Ready for Test,28/Apr/26 12:00 AM,13096,TTCN-333,Control Tower - MVP
Task,TTCN-475,13500,[BE] API Danh sách hành trình,Hoan Do,557058:a1dee0f2-9a8e-4cfd-ab59-1db1065fda26,,3.0,3.0,21600,Ready for Test,27/Apr/26 12:00 AM,13096,TTCN-333,Control Tower - MVP
Task,TTCN-474,13499,[BE] Web app CSKH - Quản lý hành trình,Hoan Do,557058:a1dee0f2-9a8e-4cfd-ab59-1db1065fda26,Control Tower - MVP,8.0,8.0,72000,Ready for Test,29/Apr/26 12:00 AM,13096,TTCN-333,Control Tower - MVP
Task,TTCN-473,13498,[BE] Web app CSKH - Api chi tiết booking,Hoan Do,557058:a1dee0f2-9a8e-4cfd-ab59-1db1065fda26,Control Tower - MVP,3.0,3.0,21600,Ready for Test,27/Apr/26 12:00 AM,13096,TTCN-333,Control Tower - MVP
Task,TTCN-472,13497,[BE] Web app CSKH - Api thêm dịch vụ trong booking,Hoan Do,557058:a1dee0f2-9a8e-4cfd-ab59-1db1065fda26,Control Tower - MVP,5.0,5.0,43200,Ready for Test,28/Apr/26 12:00 AM,13096,TTCN-333,Control Tower - MVP
Task,TTCN-469,13494,[BE] Web app CSKH - Đồng bộ các thông tin internal,Hoan Do,557058:a1dee0f2-9a8e-4cfd-ab59-1db1065fda26,Control Tower - MVP,5.0,8.0,43200,Ready for Test,28/Apr/26 12:00 AM,13096,TTCN-333,Control Tower - MVP
Task,TTCN-468,13493,[BE] Web app CSKH - Api chỉnh sửa booking,Hoan Do,557058:a1dee0f2-9a8e-4cfd-ab59-1db1065fda26,Control Tower - MVP,3.0,3.0,21600,Ready for Test,27/Apr/26 12:00 AM,13096,TTCN-333,Control Tower - MVP
Task,TTCN-467,13492,[BE] Web app CSKH - Api tạo mới booking,Hoan Do,557058:a1dee0f2-9a8e-4cfd-ab59-1db1065fda26,Control Tower - MVP,5.0,5.0,43200,Ready for Test,28/Apr/26 12:00 AM,13096,TTCN-333,Control Tower - MVP
Task,TTCN-466,13491,[BE] Web app CSKH - Api danh sách booking,Hoan Do,557058:a1dee0f2-9a8e-4cfd-ab59-1db1065fda26,Control Tower - MVP,3.0,3.0,21600,Ready for Test,27/Apr/26 12:00 AM,13096,TTCN-333,Control Tower - MVP
Task,TTCN-334,13097,[BE] Setup hệ thống phía server,Hoan Do,557058:a1dee0f2-9a8e-4cfd-ab59-1db1065fda26,Control Tower - MVP,13.0,13.0,14400,Done,01/May/26 12:00 AM,13096,TTCN-333,Control Tower - MVP
Task,TTCN-332,13095,[SYSTEM] Phân tích tổng thể hệ thống phục vụ việc lựa chọn công nghệ,Hoan Do,557058:a1dee0f2-9a8e-4cfd-ab59-1db1065fda26,Control Tower - MVP,8.0,13.0,14400,Done,28/Apr/26 12:00 AM,13096,TTCN-333,Control Tower - MVP
Task,TTCN-876,14089,[MB] App Tổ đội - Release v1.1.1+72,MB - Bình,712020:5713ee94-2350-4bc2-b516-c840bdcb1872,Control Tower - MVP,2.0,2.0,14400,Ready for Test,04/May/26 12:00 AM,13096,TTCN-333,Control Tower - MVP
Task,TTCN-875,14088,[MB] App Giao dịch - Release v1.0.8+57,MB - Bình,712020:5713ee94-2350-4bc2-b516-c840bdcb1872,Control Tower - MVP,2.0,2.0,14400,Ready for Test,04/May/26 12:00 AM,13096,TTCN-333,Control Tower - MVP
Task,TTCN-874,14087,[MB] App Điều Phối - Release v1.2.7+138,MB - Bình,712020:5713ee94-2350-4bc2-b516-c840bdcb1872,Control Tower - MVP,2.0,2.0,14400,Ready for Test,04/May/26 12:00 AM,13096,TTCN-333,Control Tower - MVP
Task,TTCN-873,14054,[MB] App Điều phối an ninh - Hỗ trợ các thiết bị sử dụng IOS 14,MB - Bình,712020:5713ee94-2350-4bc2-b516-c840bdcb1872,Control Tower - MVP,3.0,3.0,14400,Ready for Test,29/Apr/26 12:00 AM,13096,TTCN-333,Control Tower - MVP
Task,TTCN-871,14052,[MB] App Ops Hiện trường - Bổ sung hiển thị 'Trạng thái thả xe',MB - Bình,712020:5713ee94-2350-4bc2-b516-c840bdcb1872,Control Tower - MVP,1.0,1.0,3600,Ready for Test,28/Apr/26 12:00 AM,13096,TTCN-333,Control Tower - MVP
Task,TTCN-861,14042,[MB] App Điều phối An ninh - Release ứng dụng,MB - Bình,712020:5713ee94-2350-4bc2-b516-c840bdcb1872,Control Tower - MVP,2.0,2.0,10800,Ready for Test,25/Apr/26 12:00 AM,13096,TTCN-333,Control Tower - MVP
Task,TTCN-860,14041,[MB] App Ops Hiện trường - Release ứng dụng,MB - Bình,712020:5713ee94-2350-4bc2-b516-c840bdcb1872,Control Tower - MVP,2.0,2.0,10800,Ready for Test,29/Apr/26 12:00 AM,13096,TTCN-333,Control Tower - MVP
Task,TTCN-846,14027,[MB] App Tổ đội - Cập nhật hỗ trợ IOS 26 theo yêu cầu từ Apple,MB - Bình,712020:5713ee94-2350-4bc2-b516-c840bdcb1872,Control Tower - MVP,1.0,1.0,3600,Ready for Test,13/Apr/26 12:00 AM,13096,TTCN-333,Control Tower - MVP
Task,TTCN-845,14026,[MB] App Điều phối An ninh - Fill dữ liệu cập nhật hành trình với các mốc: Khu chờ sang tải và khu chờ rời bãi,MB - Bình,712020:5713ee94-2350-4bc2-b516-c840bdcb1872,Control Tower - MVP,1.0,1.0,3600,Ready for Test,13/Apr/26 12:00 AM,13096,TTCN-333,Control Tower - MVP
Task,TTCN-732,13869,[MB] App Điều phối an ninh - Xử lý thông báo FCM,MB - Bình,712020:5713ee94-2350-4bc2-b516-c840bdcb1872,Control Tower - MVP,2.0,2.0,10800,Ready for Test,03/Apr/26 12:00 AM,13096,TTCN-333,Control Tower - MVP
Task,TTCN-730,13867,[MB] App Điều phối - Bổ sung nút Phân vị trí sang tải,MB - Bình,712020:5713ee94-2350-4bc2-b516-c840bdcb1872,Control Tower - MVP,2.0,2.0,7200,Ready for Test,13/Apr/26 12:00 AM,13096,TTCN-333,Control Tower - MVP
Task,TTCN-727,13864,"[MB] App Giao dịch - Bổ sung bộ lọc ""Mức ưu tiên"" tại danh sách job",MB - Bình,712020:5713ee94-2350-4bc2-b516-c840bdcb1872,Control Tower - MVP,1.0,1.0,3600,Ready for Test,13/Apr/26 12:00 AM,13096,TTCN-333,Control Tower - MVP
Task,TTCN-726,13863,[MB] App Giao dịch - Update giao diện luồng nhanh ở màn danh sách & chi tiết,MB - Bình,712020:5713ee94-2350-4bc2-b516-c840bdcb1872,Control Tower - MVP,1.0,1.0,3600,Ready for Test,13/Apr/26 12:00 AM,13096,TTCN-333,Control Tower - MVP
Task,TTCN-725,13862,"[MB] App Điều phối - Bổ sung bộ lọc ""Mức ưu tiên"" tại danh sách job",MB - Bình,712020:5713ee94-2350-4bc2-b516-c840bdcb1872,Control Tower - MVP,1.0,1.0,3600,Ready for Test,13/Apr/26 12:00 AM,13096,TTCN-333,Control Tower - MVP
Task,TTCN-724,13861,[MB] App Điều phối - Update giao diện luồng nhanh ở màn danh sách & chi tiết,MB - Bình,712020:5713ee94-2350-4bc2-b516-c840bdcb1872,Control Tower - MVP,1.0,1.0,3600,Ready for Test,13/Apr/26 12:00 AM,13096,TTCN-333,Control Tower - MVP
Task,TTCN-721,13858,"[MB] App Tổ đội - Bổ sung bộ lọc ""Mức ưu tiên"" tại danh sách job",MB - Bình,712020:5713ee94-2350-4bc2-b516-c840bdcb1872,Control Tower - MVP,1.0,1.0,3600,Ready for Test,13/Apr/26 12:00 AM,13096,TTCN-333,Control Tower - MVP
Task,TTCN-720,13857,[MB] App Tổ đội - Update giao diện luồng nhanh ở màn danh sách & chi tiết,MB - Bình,712020:5713ee94-2350-4bc2-b516-c840bdcb1872,Control Tower - MVP,1.0,1.0,3600,Ready for Test,13/Apr/26 12:00 AM,13096,TTCN-333,Control Tower - MVP
Task,TTCN-702,13839,[MB] App Điều phối an ninh - Thực hiện cuộc gọi,MB - Bình,712020:5713ee94-2350-4bc2-b516-c840bdcb1872,Control Tower - MVP,2.0,2.0,7200,Ready for Test,06/Apr/26 12:00 AM,13096,TTCN-333,Control Tower - MVP
Task,TTCN-701,13838,[MB] App Ops hiện trường - Yêu cầu sang tải cẩu cont,MB - Bình,712020:5713ee94-2350-4bc2-b516-c840bdcb1872,Control Tower - MVP,1.0,1.0,3600,Ready for Test,01/Apr/26 12:00 AM,13096,TTCN-333,Control Tower - MVP
Task,TTCN-669,13799,[MB] App Ops hiện trường - Cập nhật thông tin cá nhân,MB - Bình,712020:5713ee94-2350-4bc2-b516-c840bdcb1872,Control Tower - MVP,2.0,2.0,10800,Ready for Test,02/Apr/26 12:00 AM,13096,TTCN-333,Control Tower - MVP
Task,TTCN-661,13791,[MB] App Ops hiện trường - Cập nhật phiên bản ứng dụng,MB - Bình,712020:5713ee94-2350-4bc2-b516-c840bdcb1872,Control Tower - MVP,2.0,2.0,7200,Ready for Test,02/Apr/26 12:00 AM,13096,TTCN-333,Control Tower - MVP
Task,TTCN-659,13789,[MB] App Ops hiện trường - Quên mật khẩu,MB - Bình,712020:5713ee94-2350-4bc2-b516-c840bdcb1872,Control Tower - MVP,1.0,1.0,3600,Ready for Test,02/Apr/26 12:00 AM,13096,TTCN-333,Control Tower - MVP
Task,TTCN-604,13694,[MB] App điều phối an ninh - Setup project,MB - Bình,712020:5713ee94-2350-4bc2-b516-c840bdcb1872,Control Tower - MVP,3.0,3.0,18000,Ready for Test,02/Apr/26 12:00 AM,13096,TTCN-333,Control Tower - MVP
Task,TTCN-597,13687,[MB] App điều phối an ninh - Chi tiết tài khoản cá nhân,MB - Bình,712020:5713ee94-2350-4bc2-b516-c840bdcb1872,Control Tower - MVP,1.0,1.0,3600,Ready for Test,01/Apr/26 12:00 AM,13096,TTCN-333,Control Tower - MVP
Task,TTCN-596,13686,[MB] App điều phối an ninh - Danh sách cảnh báo & xử lý,MB - Bình,712020:5713ee94-2350-4bc2-b516-c840bdcb1872,Control Tower - MVP,1.0,1.0,3600,Ready for Test,02/Apr/26 12:00 AM,13096,TTCN-333,Control Tower - MVP
Task,TTCN-595,13685,[MB] App điều phối an ninh - Cập nhật hành trình xe,MB - Bình,712020:5713ee94-2350-4bc2-b516-c840bdcb1872,Control Tower - MVP,3.0,3.0,18000,Ready for Test,01/Apr/26 12:00 AM,13096,TTCN-333,Control Tower - MVP
Task,TTCN-594,13684,[MB] App điều phối an ninh - Chi tiết hành trình xe,MB - Bình,712020:5713ee94-2350-4bc2-b516-c840bdcb1872,Control Tower - MVP,2.0,2.0,7200,Ready for Test,01/Apr/26 12:00 AM,13096,TTCN-333,Control Tower - MVP
Task,TTCN-593,13683,[MB] App điều phối an ninh - Lọc danh sách hành trình xe,MB - Bình,712020:5713ee94-2350-4bc2-b516-c840bdcb1872,Control Tower - MVP,1.0,1.0,3600,Ready for Test,01/Apr/26 12:00 AM,13096,TTCN-333,Control Tower - MVP
Task,TTCN-592,13682,[MB] App điều phối an ninh - Danh sách hành trình xe,MB - Bình,712020:5713ee94-2350-4bc2-b516-c840bdcb1872,Control Tower - MVP,2.0,2.0,7200,Ready for Test,01/Apr/26 12:00 AM,13096,TTCN-333,Control Tower - MVP
Task,TTCN-591,13681,[MB] App điều phối an ninh - Đăng nhập/đăng xuất,MB - Bình,712020:5713ee94-2350-4bc2-b516-c840bdcb1872,Control Tower - MVP,2.0,2.0,10800,Ready for Test,01/Apr/26 12:00 AM,13096,TTCN-333,Control Tower - MVP
Task,TTCN-872,14053,[BE] App Ops Hiện trường - Bổ sung data thể hiện 'Trạng thái thả xe',nguyễn ngọc thắng,70121:2493b85e-55eb-4f1b-b68b-5fec2fec87c5,Control Tower - MVP,1.0,1.0,,Ready for Test,28/Apr/26 12:00 AM,,,
Task,TTCN-713,13850,[FE] Web app Điều hành - Đăng nhập & Đăng xuất,nguyễn ngọc thắng,70121:2493b85e-55eb-4f1b-b68b-5fec2fec87c5,Control Tower - MVP,2.0,2.0,,Ready for Test,19/Apr/26 12:00 AM,13096,TTCN-333,Control Tower - MVP
Task,TTCN-712,13849,[FE] Web app điều hành - Xử lý layout TV,nguyễn ngọc thắng,70121:2493b85e-55eb-4f1b-b68b-5fec2fec87c5,Control Tower - MVP,2.0,2.0,,Ready for Test,19/Apr/26 12:00 AM,13096,TTCN-333,Control Tower - MVP
Task,TTCN-711,13848,[FE] Web app điều hành - Cảnh báo vận hành & bộ lọc,nguyễn ngọc thắng,70121:2493b85e-55eb-4f1b-b68b-5fec2fec87c5,Control Tower - MVP,2.0,2.0,,Ready for Test,19/Apr/26 12:00 AM,13096,TTCN-333,Control Tower - MVP
Task,TTCN-710,13847,[FE] Web app điều hành - Báo cáo bến bãi,nguyễn ngọc thắng,70121:2493b85e-55eb-4f1b-b68b-5fec2fec87c5,Control Tower - MVP,2.0,2.0,,Ready for Test,19/Apr/26 12:00 AM,13096,TTCN-333,Control Tower - MVP
Task,TTCN-709,13846,[FE] Web app điều hành - Phân khu cho xe,nguyễn ngọc thắng,70121:2493b85e-55eb-4f1b-b68b-5fec2fec87c5,Control Tower - MVP,2.0,2.0,,Ready for Test,19/Apr/26 12:00 AM,13096,TTCN-333,Control Tower - MVP
Task,TTCN-708,13845,[FE] Web app điều hành - Chi tiết hành trình xe,nguyễn ngọc thắng,70121:2493b85e-55eb-4f1b-b68b-5fec2fec87c5,Control Tower - MVP,2.0,2.0,,Ready for Test,19/Apr/26 12:00 AM,13096,TTCN-333,Control Tower - MVP
Task,TTCN-707,13844,[FE] Web app Điều hành - Danh sách hành trình & bộ lọc,nguyễn ngọc thắng,70121:2493b85e-55eb-4f1b-b68b-5fec2fec87c5,Control Tower - MVP,2.0,2.0,,Ready for Test,19/Apr/26 12:00 AM,13096,TTCN-333,Control Tower - MVP
Task,TTCN-706,13843,[FE] Web app Điều hành - Tổng quan,nguyễn ngọc thắng,70121:2493b85e-55eb-4f1b-b68b-5fec2fec87c5,Control Tower - MVP,3.0,2.0,,Ready for Test,19/Apr/26 12:00 AM,13096,TTCN-333,Control Tower - MVP
Task,TTCN-704,13841,[FE] Web app Tài xế,nguyễn ngọc thắng,70121:2493b85e-55eb-4f1b-b68b-5fec2fec87c5,Control Tower - MVP,2.0,2.0,,Ready for Test,19/Apr/26 12:00 AM,13096,TTCN-333,Control Tower - MVP
Task,TTCN-517,13574,[FE] Web app CSKH - Chi tiết dịch vụ -> Cập nhật thủ tục,nguyễn ngọc thắng,70121:2493b85e-55eb-4f1b-b68b-5fec2fec87c5,Control Tower - MVP,2.0,3.0,,Ready for Test,27/Apr/26 12:00 AM,13096,TTCN-333,Control Tower - MVP
Task,TTCN-516,13573,[FE] Web app CSKH - Chi tiết dịch vụ -> cập nhật xe,nguyễn ngọc thắng,70121:2493b85e-55eb-4f1b-b68b-5fec2fec87c5,Control Tower - MVP,2.0,3.0,,Ready for Test,27/Apr/26 12:00 AM,13096,TTCN-333,Control Tower - MVP
Task,TTCN-515,13572,[FE] Web app CSKH - Chỉnh sửa dịch vụ,nguyễn ngọc thắng,70121:2493b85e-55eb-4f1b-b68b-5fec2fec87c5,Control Tower - MVP,2.0,3.0,,Ready for Test,27/Apr/26 12:00 AM,13096,TTCN-333,Control Tower - MVP
Task,TTCN-514,13571,[FE] Web app CSKH - Chi tiết dịch vụ,nguyễn ngọc thắng,70121:2493b85e-55eb-4f1b-b68b-5fec2fec87c5,Control Tower - MVP,2.0,3.0,,Ready for Test,27/Apr/26 12:00 AM,13096,TTCN-333,Control Tower - MVP
Task,TTCN-513,13570,[FE]  Web app CSKH - Danh sách dịch vụ,nguyễn ngọc thắng,70121:2493b85e-55eb-4f1b-b68b-5fec2fec87c5,Control Tower - MVP,1.0,3.0,,Ready for Test,27/Apr/26 12:00 AM,13096,TTCN-333,Control Tower - MVP
Task,TTCN-481,13506,[FE] Web app CSKH - Chỉnh sửa dịch vụ,nguyễn ngọc thắng,70121:2493b85e-55eb-4f1b-b68b-5fec2fec87c5,Control Tower - MVP,2.0,3.0,,Ready for Test,27/Apr/26 12:00 AM,13096,TTCN-333,Control Tower - MVP
Task,TTCN-480,13505,[FE] Web app CSKH - Chi tiết dịch vụ,nguyễn ngọc thắng,70121:2493b85e-55eb-4f1b-b68b-5fec2fec87c5,Control Tower - MVP,3.0,3.0,,Ready for Test,27/Apr/26 12:00 AM,13096,TTCN-333,Control Tower - MVP
Task,TTCN-479,13504,[FE] Web app CSKH - Quản lý dịch vụ,nguyễn ngọc thắng,70121:2493b85e-55eb-4f1b-b68b-5fec2fec87c5,Control Tower - MVP,1.0,5.0,,Ready for Test,28/Apr/26 12:00 AM,13096,TTCN-333,Control Tower - MVP
Task,TTCN-478,13503,[FE] Web app CSKH - Cập nhật mốc hành trình,nguyễn ngọc thắng,70121:2493b85e-55eb-4f1b-b68b-5fec2fec87c5,Control Tower - MVP,2.0,3.0,,Ready for Test,27/Apr/26 12:00 AM,13096,TTCN-333,Control Tower - MVP
Task,TTCN-477,13502,[FE] Web app CSKH - Quản lý hành trình,nguyễn ngọc thắng,70121:2493b85e-55eb-4f1b-b68b-5fec2fec87c5,Control Tower - MVP,1.0,5.0,,Ready for Test,28/Apr/26 12:00 AM,13096,TTCN-333,Control Tower - MVP
Task,TTCN-471,13496,[FE] Web app CSKH - Chỉnh sửa kế hoạch booking,nguyễn ngọc thắng,70121:2493b85e-55eb-4f1b-b68b-5fec2fec87c5,Control Tower - MVP,2.0,5.0,,Ready for Test,28/Apr/26 12:00 AM,13096,TTCN-333,Control Tower - MVP
Task,TTCN-470,13495,[FE] Web app CSKH - Xem chi tiết kế hoạch booking,nguyễn ngọc thắng,70121:2493b85e-55eb-4f1b-b68b-5fec2fec87c5,Control Tower - MVP,2.0,2.0,,Ready for Test,27/Apr/26 12:00 AM,13096,TTCN-333,Control Tower - MVP
Task,TTCN-465,13490,[FE] Web app CSKH - Tính năng tạo mới kế hoạch,nguyễn ngọc thắng,70121:2493b85e-55eb-4f1b-b68b-5fec2fec87c5,Control Tower - MVP,2.0,5.0,,Ready for Test,28/Apr/26 12:00 AM,13096,TTCN-333,Control Tower - MVP
Task,TTCN-464,13489,[FE] Web app CSKH - Danh sách kế hoạch,nguyễn ngọc thắng,70121:2493b85e-55eb-4f1b-b68b-5fec2fec87c5,Control Tower - MVP,2.0,3.0,,Ready for Test,27/Apr/26 12:00 AM,13096,TTCN-333,Control Tower - MVP
Task,TTCN-423,13414,[FE] Dựng các reuse component,nguyễn ngọc thắng,70121:2493b85e-55eb-4f1b-b68b-5fec2fec87c5,Control Tower - MVP,2.0,5.0,,Ready for Test,28/Apr/26 12:00 AM,13096,TTCN-333,Control Tower - MVP
Task,TTCN-422,13413,[FE] Dựng Layout tổng thể Web booking,nguyễn ngọc thắng,70121:2493b85e-55eb-4f1b-b68b-5fec2fec87c5,Control Tower - MVP,3.0,5.0,28800,Ready for Test,28/Apr/26 12:00 AM,13096,TTCN-333,Control Tower - MVP
Task,TTCN-781,13930,"[FE] Web admin - Cập nhật ""Mức ưu tiên"" trong chi tiết dịch vụ lõi",Pham Anh Tuấn,5e96c3877c993c0c1519bffa,Control Tower - MVP,1.0,1.0,3600,Ready for Test,07/Apr/26 12:00 AM,13096,TTCN-333,Control Tower - MVP
Task,TTCN-780,13929,"[FE] Web admin - Cập nhật ""Mức ưu tiên"" trong chi tiết dịch vụ cẩu cont",Pham Anh Tuấn,5e96c3877c993c0c1519bffa,Control Tower - MVP,1.0,1.0,3600,Ready for Test,07/Apr/26 12:00 AM,13096,TTCN-333,Control Tower - MVP
Task,TTCN-779,13928,"[FE] Web admin - Bổ sung tính năng ""Thêm địa điểm sang tải"" cho dịch vụ luồng nhanh",Pham Anh Tuấn,5e96c3877c993c0c1519bffa,Control Tower - MVP,2.0,2.0,10800,Ready for Test,07/Apr/26 12:00 AM,13096,TTCN-333,Control Tower - MVP
Task,TTCN-729,13866,"[FE] Web admin - Bổ sung cột ""Mức ưu tiên"" tại danh sách dịch vụ",Pham Anh Tuấn,5e96c3877c993c0c1519bffa,Control Tower - MVP,1.0,1.0,3600,Ready for Test,07/Apr/26 12:00 AM,13096,TTCN-333,Control Tower - MVP
Task,TTCN-728,13865,"[FE] Web admin - Bổ sung bộ lọc ""Mức ưu tiên"" tại danh sách dịch vụ",Pham Anh Tuấn,5e96c3877c993c0c1519bffa,Control Tower - MVP,1.0,1.0,7200,Ready for Test,07/Apr/26 12:00 AM,13096,TTCN-333,Control Tower - MVP
Task,TTCN-421,13412,[FE] Setup hệ thống,Pham Anh Tuấn,5e96c3877c993c0c1519bffa,Control Tower - MVP,3.0,5.0,,Done,28/Apr/26 12:00 AM,13096,TTCN-333,Control Tower - MVP
